"GEO_ID","id"
"NAME","Geographic Area Name"
"B11016_001E","Estimate!!Total:"
"B11016_001M","Margin of Error!!Total:"
"B11016_002E","Estimate!!Total:!!Family households:"
"B11016_002M","Margin of Error!!Total:!!Family households:"
"B11016_003E","Estimate!!Total:!!Family households:!!2-person household"
"B11016_003M","Margin of Error!!Total:!!Family households:!!2-person household"
"B11016_004E","Estimate!!Total:!!Family households:!!3-person household"
"B11016_004M","Margin of Error!!Total:!!Family households:!!3-person household"
"B11016_005E","Estimate!!Total:!!Family households:!!4-person household"
"B11016_005M","Margin of Error!!Total:!!Family households:!!4-person household"
"B11016_006E","Estimate!!Total:!!Family households:!!5-person household"
"B11016_006M","Margin of Error!!Total:!!Family households:!!5-person household"
"B11016_007E","Estimate!!Total:!!Family households:!!6-person household"
"B11016_007M","Margin of Error!!Total:!!Family households:!!6-person household"
"B11016_008E","Estimate!!Total:!!Family households:!!7-or-more person household"
"B11016_008M","Margin of Error!!Total:!!Family households:!!7-or-more person household"
"B11016_009E","Estimate!!Total:!!Nonfamily households:"
"B11016_009M","Margin of Error!!Total:!!Nonfamily households:"
"B11016_010E","Estimate!!Total:!!Nonfamily households:!!1-person household"
"B11016_010M","Margin of Error!!Total:!!Nonfamily households:!!1-person household"
"B11016_011E","Estimate!!Total:!!Nonfamily households:!!2-person household"
"B11016_011M","Margin of Error!!Total:!!Nonfamily households:!!2-person household"
"B11016_012E","Estimate!!Total:!!Nonfamily households:!!3-person household"
"B11016_012M","Margin of Error!!Total:!!Nonfamily households:!!3-person household"
"B11016_013E","Estimate!!Total:!!Nonfamily households:!!4-person household"
"B11016_013M","Margin of Error!!Total:!!Nonfamily households:!!4-person household"
"B11016_014E","Estimate!!Total:!!Nonfamily households:!!5-person household"
"B11016_014M","Margin of Error!!Total:!!Nonfamily households:!!5-person household"
"B11016_015E","Estimate!!Total:!!Nonfamily households:!!6-person household"
"B11016_015M","Margin of Error!!Total:!!Nonfamily households:!!6-person household"
"B11016_016E","Estimate!!Total:!!Nonfamily households:!!7-or-more person household"
"B11016_016M","Margin of Error!!Total:!!Nonfamily households:!!7-or-more person household"
